,Id,Name,Playlist_Id,Album_Id,Date_added,Duration,Popularity,Danceability,Energy,Loudness,Speechiness,Acousticness,Instrumentalness,Liveness,Valence,Tempo,Key,Mode,Track_Number,cluster
1,14EeHJP2ZhOqabZgCAF27r,Artichaut,3ypuzkCtKGOQ0Y63x295Jx,5VOdrHq3pi0FTHQZtBaj7V,2018-10-24T14:52:55Z,265093.0,0.0,0.695,0.879,-5.655,0.16,0.223,0.19699999999999998,0.6890000000000001,0.91,203.886,4,1,2.0,4
2,4iGiK3PUx1r9G6N3vkQERe,Extra Mile,3ypuzkCtKGOQ0Y63x295Jx,5VOdrHq3pi0FTHQZtBaj7V,2018-10-24T14:52:55Z,305280.0,0.0,0.69,0.722,-5.898,0.261,0.268,0.000529,0.935,0.6609999999999999,175.889,0,1,3.0,4
3,2KTHFxwHv1eUUALTx7uBei,AAA (Triple A),3ypuzkCtKGOQ0Y63x295Jx,5VOdrHq3pi0FTHQZtBaj7V,2018-10-24T14:52:55Z,204026.0,15.0,0.6709999999999999,0.8059999999999999,-5.6320000000000014,0.0777,0.0564,3.42e-06,0.7390000000000001,0.8690000000000001,129.98,7,1,4.0,4
9,1Z0UlpDHhTmRRF2p5aZPa7,Vive le swing (Gabin Brassy Remix),3ypuzkCtKGOQ0Y63x295Jx,5VOdrHq3pi0FTHQZtBaj7V,2018-10-24T14:52:55Z,266133.0,0.0,0.7859999999999999,0.831,-5.62,0.12,0.0724,0.0,0.853,0.799,117.964,10,0,10.0,4
14,6tAcwhl5cTJOEiEdHc9Ra8,Didn't It Rain (Minimatic Remix),3ypuzkCtKGOQ0Y63x295Jx,5VOdrHq3pi0FTHQZtBaj7V,2018-10-24T14:52:55Z,291013.0,0.0,0.78,0.898,-6.223,0.0979,0.0462,0.0616,0.657,0.8190000000000001,99.98299999999999,11,0,15.0,4
218,6Yu1OL8I0D4vjOzYdsXYGK,12:51,5mLQ2pzeGmEwuc7NFrsmp6,3HFbH1loOUbqCyPsLuHLLh,2016-11-01T17:28:06Z,153133.0,56.0,0.452,0.889,-3.838,0.0379,0.312,0.8,0.5579999999999999,0.591,145.056,4,1,4.0,4
231,2IPHlzIXgWrsMOZJvDrDdY,Mon amant de St Jean,5mLQ2pzeGmEwuc7NFrsmp6,7fleCuqfNLyfN9TOaVEiBM,2016-11-01T17:58:05Z,181920.0,0.0,0.319,0.85,-7.5870000000000015,0.209,0.541,0.0,0.871,0.555,162.797,9,0,3.0,4
254,5HKnWZRsDyGIrb6obvD0Yq,The Writing's on the Wall,5mLQ2pzeGmEwuc7NFrsmp6,3w6EJnnZ02Ntu7dCu9rs0F,2016-11-02T10:09:33Z,214706.0,0.0,0.547,0.9670000000000001,-3.648,0.0534,0.0198,0.000424,0.721,0.662,103.02600000000001,7,1,2.0,4
263,6gobLJ63a1TNrSrU53tSj5,We're from Barcelona,5mLQ2pzeGmEwuc7NFrsmp6,0zbZ29KUQGBXvv8RpeXP3L,2016-11-02T12:50:32Z,182426.0,37.0,0.59,0.93,-4.2589999999999995,0.0374,0.0984,0.0033200000000000005,0.7859999999999999,0.9540000000000001,119.92299999999999,5,1,3.0,4
296,6gobLJ63a1TNrSrU53tSj5,We're from Barcelona,7nW9BlocQCzpeLwufiJ4RJ,0zbZ29KUQGBXvv8RpeXP3L,2016-12-02T18:24:01Z,182426.0,37.0,0.59,0.93,-4.2589999999999995,0.0374,0.0984,0.0033200000000000005,0.7859999999999999,0.9540000000000001,119.92299999999999,5,1,3.0,4
305,2IPHlzIXgWrsMOZJvDrDdY,Mon amant de St Jean,7nW9BlocQCzpeLwufiJ4RJ,7fleCuqfNLyfN9TOaVEiBM,2016-12-02T18:24:01Z,181920.0,0.0,0.319,0.85,-7.5870000000000015,0.209,0.541,0.0,0.871,0.555,162.797,9,0,3.0,4
321,5HKnWZRsDyGIrb6obvD0Yq,The Writing's on the Wall,7nW9BlocQCzpeLwufiJ4RJ,3w6EJnnZ02Ntu7dCu9rs0F,2016-12-02T18:24:01Z,214706.0,0.0,0.547,0.9670000000000001,-3.648,0.0534,0.0198,0.000424,0.721,0.662,103.02600000000001,7,1,2.0,4
340,6Yu1OL8I0D4vjOzYdsXYGK,12:51,7nW9BlocQCzpeLwufiJ4RJ,3HFbH1loOUbqCyPsLuHLLh,2016-12-02T18:24:01Z,153133.0,56.0,0.452,0.889,-3.838,0.0379,0.312,0.8,0.5579999999999999,0.591,145.056,4,1,4.0,4
390,2IPHlzIXgWrsMOZJvDrDdY,Mon amant de St Jean,4uBsB8VrlhHkN9Zazl0hO8,7fleCuqfNLyfN9TOaVEiBM,2016-04-19T15:59:38Z,181920.0,0.0,0.319,0.85,-7.5870000000000015,0.209,0.541,0.0,0.871,0.555,162.797,9,0,3.0,4
431,30RN3lQwxDBiF5iie6Cmq9,"Sonata in C Major for Piano, Hob. XVI/50: III. Allegro molto",7sKPU13AfyV0yN60OYFELl,7l9xCYULcMHp8J2KrqE2pL,2015-10-26T15:22:18Z,157280.0,5.0,0.439,0.535,-24.099,0.161,0.983,0.8220000000000001,0.726,0.628,146.52100000000004,0,1,40.0,4
449,3Dnv944x31XU4FFMlkfnWN,"Whatever Will Be, Will Be (Que Sera, Sera) - Single Version",7bsAR19p7zO45OpIpiCqQB,4ZtM1Q25o7B11vrYKbOF0m,2015-09-29T10:07:18Z,124640.0,40.0,0.396,0.32,-13.210999999999999,0.0413,0.8640000000000001,0.0,0.599,0.713,175.75,9,1,15.0,4
454,4wWkSDHfrxEHubNiMHfJrD,Papa Loves Mambo,7bsAR19p7zO45OpIpiCqQB,2VQu22khauO9mkywpVR8mC,2015-09-29T10:16:10Z,161400.0,30.0,0.6629999999999999,0.48700000000000004,-10.562999999999999,0.0959,0.645,7.73e-06,0.71,0.833,81.028,0,1,4.0,4
535,3pCN6X0566rmU6P5ZgFIYu,bâtard,7EHzH8D5Fv7EWf76tDTSvH,4WW3ME0M2dUoAK5hmbXsN7,2015-01-02T10:00:12Z,208826.0,3.0,0.747,0.7509999999999999,-9.607000000000001,0.25,0.0471,0.0,0.746,0.759,126.045,0,0,3.0,4
551,2MV1c9NmpRSsyH5DwTNlTU,Summertime,7EHzH8D5Fv7EWf76tDTSvH,3XAyEMflBDI6eDhnKikvbd,2015-01-02T10:00:17Z,184813.0,0.0,0.579,0.667,-8.652999999999999,0.0703,0.0638,0.000618,0.545,0.467,120.085,0,0,6.0,4
651,5XN3OKHopwuQDAiP0Xbsab,L'envol,5Z8VUi5qQUVkO1HzuZXUq9,0AQU2cTRwdbTHkkJLmZZpG,2013-11-20T11:36:51Z,226429.0,29.0,0.5489999999999999,0.607,-6.1739999999999995,0.035,0.26899999999999996,0.35100000000000003,0.542,0.375,130.049,9,0,10.0,4
652,52GstNfYE0VLSqUGfaefLD,Sofa,5Z8VUi5qQUVkO1HzuZXUq9,0AQU2cTRwdbTHkkJLmZZpG,2013-11-20T11:36:51Z,50782.0,26.0,0.461,0.6659999999999999,-6.228,0.0308,0.000174,0.628,0.693,0.657,78.112,5,0,11.0,4
655,7pPi2lf9n8AEXJlx8AywA2,We Can Dance,5Z8VUi5qQUVkO1HzuZXUq9,0AQU2cTRwdbTHkkJLmZZpG,2013-11-20T11:36:51Z,262791.0,29.0,0.653,0.792,-4.387,0.10099999999999999,0.0958,0.0,0.606,0.5820000000000001,117.978,2,1,14.0,4
712,6eZQfvYBzMZUNs9jWuPEPU,Islàndia,5bI2Q0cfKkAtsuSt9jUeZc,3gs8OIClxblLpql17Eellv,2012-12-31T23:53:47Z,305760.0,0.0,0.179,0.55,-8.377,0.0551,0.182,0.0,0.436,0.292,62.254,4,0,5.0,4
763,3K8agZooR4RZLfyajS5rln,Logico Que Salga Mal,2VW0MLYsZGkVE101NEyrdc,3FNvb5ldbHkXYtphRcHzLM,2012-08-29T08:07:46Z,217293.0,0.0,0.38799999999999996,0.787,-5.382999999999999,0.0785,0.369,0.29,0.401,0.45,91.79299999999999,0,1,12.0,4
783,1gSI4LcxUHIqtHp93FAovT,Foxy & Billy,6S6YOHxtlap5BcYdl8MSZn,5dppFwagnwh2Q2vMkt41Dw,2012-08-15T11:17:00Z,200559.0,13.0,0.7,0.8170000000000001,-5.355,0.0408,0.0835,0.0,0.546,0.773,130.02,9,1,9.0,4
857,6il4ds0ZKYdRVnZHpVXk41,All I Want,0Kz18Qq6boSucTkU8R2aaF,1VjxGLvRuhTF6ebqWXYOrO,1970-01-01T00:00:00Z,113475.0,1.0,0.20600000000000002,0.977,-3.403,0.135,0.00878,0.0,0.657,0.5820000000000001,173.13400000000001,6,0,10.0,4
863,33MxZySx17wtJmXUeQwrdG,"Message In A Bottle - Live From River Plate Stadium, Buenos Aires",0Kz18Qq6boSucTkU8R2aaF,4V8Qkhow9Vy8CKJZ1M5Rpd,1970-01-01T00:00:00Z,300106.0,0.0,0.319,0.972,-3.9330000000000003,0.195,0.013999999999999999,1.83e-06,0.9740000000000001,0.33299999999999996,155.194,9,1,1.0,4
864,0A4Btqar6Y5B4hfs9pZnSE,"Every Breath You Take - Live From River Plate Stadium, Buenos Aires",0Kz18Qq6boSucTkU8R2aaF,4V8Qkhow9Vy8CKJZ1M5Rpd,1970-01-01T00:00:00Z,373573.0,0.0,0.568,0.877,-5.8210000000000015,0.105,0.165,2.3e-06,0.912,0.33,118.84,8,1,8.0,4
883,0lvqn48qvEJHI2gRvziibg,"Close To Me - Live At Zenith, Paris",0Kz18Qq6boSucTkU8R2aaF,2na3vPdnhVASki4NAyV6ja,1970-01-01T00:00:00Z,238266.0,22.0,0.535,0.638,-14.985,0.0355,0.0332,0.447,0.991,0.899,170.607,11,1,12.0,4
898,0zge3Oe6qU1jnvSgxDRQYU,The Joker,0Kz18Qq6boSucTkU8R2aaF,7kASxXIWWMoaHHS637Vome,1970-01-01T00:00:00Z,213480.0,51.0,0.415,0.551,-7.067,0.0821,0.4270000000000001,1.88e-06,0.5720000000000001,0.74,166.736,10,1,11.0,4
899,4Y6VzrcqjvRwD1wdBGFqaa,Paper Planes (Diplo Street Remix feat. Bun B & Rich Boy),0Kz18Qq6boSucTkU8R2aaF,3Q4AExMfGDlydTUPWiCOiK,1970-01-01T00:00:00Z,225440.0,34.0,0.369,0.8590000000000001,-5.739,0.316,0.0174,1.91e-06,0.711,0.431,85.48100000000002,2,1,3.0,4
932,29njOUf53Vc91WEeya44vO,Paint It Black - Live,0Kz18Qq6boSucTkU8R2aaF,5Lg8Jhz5OzfdmG4mQlFFes,1970-01-01T00:00:00Z,241250.0,0.0,0.28300000000000003,0.9279999999999999,-7.544,0.0726,0.0143,0.7909999999999999,0.985,0.375,160.65,9,0,11.0,4
950,6gobLJ63a1TNrSrU53tSj5,We're from Barcelona,0Kz18Qq6boSucTkU8R2aaF,0zbZ29KUQGBXvv8RpeXP3L,2010-05-05T11:57:47Z,182426.0,37.0,0.59,0.93,-4.2589999999999995,0.0374,0.0984,0.0033200000000000005,0.7859999999999999,0.9540000000000001,119.92299999999999,5,1,3.0,4
960,2dew46lc6JauQzhj6WQ2xa,Let's Twist Again,0Kz18Qq6boSucTkU8R2aaF,3ADzle3KinwX1czwEVAOGv,2010-05-18T09:41:25Z,139333.0,0.0,0.371,0.857,-8.866,0.142,0.135,8.09e-05,0.6759999999999999,0.715,178.045,4,1,8.0,4
961,5rDsAMjmB4Qa5WNciJPsfK,Tubthumping,0Kz18Qq6boSucTkU8R2aaF,6DUy5QdkKXI15NFbk3pYAZ,2010-05-18T09:44:06Z,234133.0,50.0,0.39399999999999996,0.9440000000000001,-8.082,0.18100000000000002,0.0906,0.0,0.473,0.616,207.687,2,1,19.0,4
970,7CAhxeaTYXn1qWNRkZl9ad,"Everybody's Talkin' - From ""Midnight Cowboy""",0Kz18Qq6boSucTkU8R2aaF,1tRXz3Sc9Er8uM6ZUHkiJj,2010-05-18T09:52:12Z,164906.0,13.0,0.41200000000000003,0.473,-10.964,0.037000000000000005,0.38299999999999995,8.41e-05,0.541,0.6759999999999999,124.411,4,1,3.0,4
981,5SEPHn2kcrgsi1ilpPS9s3,In The Shadows - Radio Edit,0Kz18Qq6boSucTkU8R2aaF,2QGTxp9WrNfUryOaDF1toY,2010-05-18T10:00:36Z,246735.0,5.0,0.601,0.78,-4.337,0.0276,9.58e-05,4.370000000000001e-05,0.562,0.752,105.99799999999999,2,1,2.0,4
994,0n0eMsX7WgEtc7dlscbuKU,Fly Away,0Kz18Qq6boSucTkU8R2aaF,1cW0de5T5fdedlS4YqvyCv,2010-05-18T10:11:45Z,221893.0,51.0,0.597,0.868,-5.096,0.0527,0.0214,0.0,0.664,0.7090000000000001,160.02200000000005,7,1,2.0,4
1037,2xFrnL8BYleBuxCQQCuho7,Mi calle,0Kz18Qq6boSucTkU8R2aaF,1xBU2JqWwf6qO2pGLuhycf,2011-03-23T12:02:05Z,162506.0,31.0,0.33399999999999996,0.684,-5.318,0.0302,0.33399999999999996,4.39e-06,0.52,0.871,96.555,8,1,9.0,4
1054,7eH9vfWNaplxjyjCx4ZTic,All She's Got,0Kz18Qq6boSucTkU8R2aaF,47wh50aG3MIgDpsMe5B7n7,2011-04-27T11:26:30Z,141933.0,0.0,0.544,0.956,-4.2589999999999995,0.08800000000000001,0.000493,0.0,0.625,0.711,120.133,11,1,11.0,4
1060,0HwbIdNwB66l2VBFVN19FZ,Can't Take My Eyes Off You,0Kz18Qq6boSucTkU8R2aaF,5VNZN3Z19EUyeEax31nAee,2011-05-17T13:57:14Z,191720.0,0.0,0.6409999999999999,0.424,-9.946,0.0338,0.32,1.84e-05,0.573,0.624,124.46799999999999,0,1,11.0,4
1073,4hQo1ME4xT42RV1nz7UNkK,El Hombre Del Piano,0Kz18Qq6boSucTkU8R2aaF,3YIcphCTjJcjbpMnHFPGmW,2011-05-17T14:02:09Z,312600.0,35.0,0.239,0.418,-11.612,0.0433,0.391,0.0,0.972,0.289,175.868,4,1,8.0,4
1075,5T6i2arPW5u6df4jBf7vDT,Paraules D'Amor - En Directo,0Kz18Qq6boSucTkU8R2aaF,5uc1F7ZXMeGxgvfp9z7W8G,2011-05-17T14:02:09Z,233226.0,27.0,0.34,0.308,-11.036,0.0383,0.9179999999999999,0.0,0.755,0.179,80.42399999999998,0,1,10.0,4
1076,0Tg8pBqXzfinx3ts9fcnBg,Mediterraneo - En Directo,0Kz18Qq6boSucTkU8R2aaF,5uc1F7ZXMeGxgvfp9z7W8G,2011-05-17T14:02:09Z,247680.0,32.0,0.596,0.7190000000000001,-5.13,0.11800000000000001,0.778,0.0,0.975,0.5820000000000001,84.164,9,0,10.0,4
1077,2miwvRZd8GDR80dJPEZP6R,Lucia - En Directo,0Kz18Qq6boSucTkU8R2aaF,5uc1F7ZXMeGxgvfp9z7W8G,2011-05-17T14:02:09Z,194893.0,31.0,0.45399999999999996,0.34600000000000003,-11.065999999999999,0.0442,0.902,2.66e-06,0.929,0.184,112.321,0,0,12.0,4
1078,5HmYuJIqLEXOa9i4YQJWoQ,Cantares - En Directo,0Kz18Qq6boSucTkU8R2aaF,5uc1F7ZXMeGxgvfp9z7W8G,2011-05-17T14:02:09Z,196200.0,49.0,0.545,0.6809999999999999,-5.754,0.152,0.6990000000000001,0.0,0.985,0.502,121.855,7,1,2.0,4
1089,5PIryoZ1laEtCJ6Xi7Rcyk,Ojitos Rojos - Directo,0Kz18Qq6boSucTkU8R2aaF,2wWIe9TsnHWEcWWzwfzALC,2011-05-17T14:02:09Z,267906.0,36.0,0.488,0.953,-3.391,0.0973,0.364,0.0,0.966,0.6990000000000001,140.22,11,0,13.0,4
1090,5T5MsSg4xXYXd1rrnC5VwM,El Yonki (Directo),0Kz18Qq6boSucTkU8R2aaF,2wWIe9TsnHWEcWWzwfzALC,2011-05-17T14:02:09Z,188786.0,30.0,0.275,0.8029999999999999,-5.765,0.0494,0.0329,1.31e-06,0.469,0.539,166.855,0,1,14.0,4
1097,5tPGsnsuPrzbAMzUNWmx44,Por el bulevar de los sueños rotos - con Joaquin Sabina - Las Ventas 08,0Kz18Qq6boSucTkU8R2aaF,3boZLCdZ5TlWlw7q9crFUq,2011-05-17T14:02:09Z,274459.0,42.0,0.584,0.9840000000000001,-5.57,0.251,0.0306,0.0,0.9840000000000001,0.363,125.985,4,1,21.0,4
1108,0FtwJkdBXBHZ4Yy20Xt56u,Pedazo de morrón,0Kz18Qq6boSucTkU8R2aaF,7hwGksKIvfyqDj6iAAm1LV,2011-05-17T14:02:09Z,218493.0,35.0,0.425,0.84,-3.471,0.213,0.0207,0.0,0.6829999999999999,0.653,94.384,2,1,3.0,4
1110,77BPZeWPRSzEmuGMeaxRB9,Dolores Se Llamaba Lola - Live,0Kz18Qq6boSucTkU8R2aaF,019W9SmD7B6UJrVmYAamuj,2011-05-17T14:02:09Z,242666.0,24.0,0.265,0.94,-9.058,0.0491,0.00024300000000000002,0.000234,0.382,0.313,103.16,9,1,5.0,4
1118,4jJGiNGzoUV4uacldNW5Qb,La flama,0Kz18Qq6boSucTkU8R2aaF,2r4JhlakaroVwEGcLKU0Eu,2011-05-17T14:03:01Z,212520.0,43.0,0.48700000000000004,0.813,-6.426,0.0349,0.0161,2.32e-06,0.727,0.45299999999999996,93.609,7,1,4.0,4
1130,54gSy29f3JqayWXkKlHfUi,L'empordà,0Kz18Qq6boSucTkU8R2aaF,7c4pgEdNxDkQ5L3RKNhZVY,2011-05-17T14:03:01Z,228453.0,0.0,0.61,0.5710000000000001,-8.99,0.0573,0.461,0.000113,0.715,0.623,132.629,4,1,6.0,4
1131,5JG8QkylPewuE7i5UVNkbQ,El Boig De La Ciutat,0Kz18Qq6boSucTkU8R2aaF,02g2io3DYIwKid6WytSfcr,2011-05-17T14:03:01Z,228053.0,0.0,0.486,0.7390000000000001,-5.425,0.0305,0.387,0.0944,0.978,0.331,131.936,7,1,10.0,4
1132,1wS9Fh0T9BPmb4kpQa52EG,Bon dia,0Kz18Qq6boSucTkU8R2aaF,7c4pgEdNxDkQ5L3RKNhZVY,2011-05-17T14:03:01Z,244480.0,0.0,0.531,0.687,-6.575,0.0303,0.0104,0.48,0.6709999999999999,0.727,135.259,9,1,15.0,4
1143,1ia819gHWbLBBYHqK76Yg8,Alegria,0Kz18Qq6boSucTkU8R2aaF,0GMjpYYmcZv2SUBJlXwgX4,2011-05-17T14:03:01Z,195306.0,41.0,0.578,0.8759999999999999,-7.1960000000000015,0.0442,0.07400000000000001,4.57e-05,0.7879999999999999,0.754,110.04799999999999,2,1,2.0,4
1157,3APayTEWiUl9Ssep4BOXR2,Torn,0Kz18Qq6boSucTkU8R2aaF,5snQakFpbHsJmrAvhgeuHX,2011-05-17T14:17:29Z,244813.0,66.0,0.5589999999999999,0.9279999999999999,-3.04,0.0355,0.0746,5.56e-05,0.696,0.599,96.315,5,1,3.0,4
1171,47GmcU4JgL3TCweXvIEUBd,Personal Jesus,0Kz18Qq6boSucTkU8R2aaF,6R5TqxpmUg1KhHORpsp9Ho,2011-07-25T13:52:29Z,246456.0,6.0,0.5770000000000001,0.94,-5.2570000000000014,0.113,0.000202,0.00586,0.645,0.267,130.126,4,0,2.0,4
1183,5Qu1F15caTUZYEIXbCUdEo,Torn - Live,0Kz18Qq6boSucTkU8R2aaF,1y3qsG8TIwrgov1LwPReBk,2011-07-25T14:11:21Z,254803.0,6.0,0.359,0.486,-10.251,0.0545,0.745,1.53e-06,0.9590000000000001,0.436,122.29799999999999,9,1,17.0,4
1184,0NjWzOAtvAThDEI87Dhqi5,I'm Yours - Live,0Kz18Qq6boSucTkU8R2aaF,1y3qsG8TIwrgov1LwPReBk,2011-07-25T14:12:41Z,346944.0,4.0,0.341,0.9359999999999999,-7.479,0.0826,0.172,5.22e-05,0.963,0.552,133.984,9,1,19.0,4
1186,2RWraN4ZkuqjcNQAlBNGEH,Piece of My Heart,0Kz18Qq6boSucTkU8R2aaF,294SMYuchjGEbo3bko8QVt,2011-07-25T14:30:26Z,266240.0,11.0,0.4270000000000001,0.665,-9.681000000000001,0.139,0.402,0.000105,0.409,0.561,160.935,4,1,3.0,4
1193,1WWbqYAzu1N216ngniTLNq,My Girl,0Kz18Qq6boSucTkU8R2aaF,78kJS9OWjuPrYccf3E54yb,2011-07-25T14:44:34Z,178120.0,12.0,0.6,0.546,-5.7139999999999995,0.0691,0.545,0.0,0.5589999999999999,0.598,104.45100000000001,0,1,14.0,4
1199,6WALWe7zqTlYdWHbkNwYwy,Maria,0Kz18Qq6boSucTkU8R2aaF,6mS1cxMLh9rAEnD4M30qQz,2011-07-25T14:56:06Z,289600.0,1.0,0.287,0.9229999999999999,-6.084,0.0736,0.0069099999999999995,2.15e-05,0.9490000000000001,0.434,161.37,9,1,9.0,4
1219,7EwcNyYIMehlWfjk0yprbj,Should I Stay Or Should I Go,0Kz18Qq6boSucTkU8R2aaF,6xwLLr4kk8C5tqxzjfukuH,2011-10-13T10:56:58Z,187093.0,0.0,0.7509999999999999,0.8540000000000001,-6.874,0.106,0.171,0.0,0.787,0.8640000000000001,113.083,2,1,19.0,4
1230,0FXsG6FLVIgOZfoymG91HD,Born Slippy (Nuxx),0Kz18Qq6boSucTkU8R2aaF,4boW3crFtFF8NRFscqS79b,2011-12-07T16:06:36Z,454026.0,2.0,0.58,0.9540000000000001,-8.939,0.0365,0.000895,0.456,0.56,0.331,140.037,10,1,9.0,4
1231,0umoAkygOwTRGLDNN08qlL,Whatever,0Kz18Qq6boSucTkU8R2aaF,0HaKIwrt7Ve24VriqCqtaU,2012-01-09T16:53:17Z,381463.0,19.0,0.115,0.67,-5.438,0.0333,0.0818,3.15e-05,0.67,0.32799999999999996,184.61599999999999,7,1,18.0,4
1273,6Yu1OL8I0D4vjOzYdsXYGK,12:51,0Kz18Qq6boSucTkU8R2aaF,3HFbH1loOUbqCyPsLuHLLh,2014-12-17T11:56:40Z,153133.0,56.0,0.452,0.889,-3.838,0.0379,0.312,0.8,0.5579999999999999,0.591,145.056,4,1,4.0,4
1292,4jJGiNGzoUV4uacldNW5Qb,La flama,7vHRwRtvmggt50qUnnHeaD,2r4JhlakaroVwEGcLKU0Eu,2010-11-22T14:52:26Z,212520.0,43.0,0.48700000000000004,0.813,-6.426,0.0349,0.0161,2.32e-06,0.727,0.45299999999999996,93.609,7,1,4.0,4
1296,54gSy29f3JqayWXkKlHfUi,L'empordà,7vHRwRtvmggt50qUnnHeaD,7c4pgEdNxDkQ5L3RKNhZVY,2010-11-22T14:53:41Z,228453.0,0.0,0.61,0.5710000000000001,-8.99,0.0573,0.461,0.000113,0.715,0.623,132.629,4,1,6.0,4
1297,5JG8QkylPewuE7i5UVNkbQ,El Boig De La Ciutat,7vHRwRtvmggt50qUnnHeaD,02g2io3DYIwKid6WytSfcr,2010-11-22T14:53:41Z,228053.0,0.0,0.486,0.7390000000000001,-5.425,0.0305,0.387,0.0944,0.978,0.331,131.936,7,1,10.0,4
1298,1wS9Fh0T9BPmb4kpQa52EG,Bon dia,7vHRwRtvmggt50qUnnHeaD,7c4pgEdNxDkQ5L3RKNhZVY,2010-11-22T14:53:52Z,244480.0,0.0,0.531,0.687,-6.575,0.0303,0.0104,0.48,0.6709999999999999,0.727,135.259,9,1,15.0,4
1315,1ia819gHWbLBBYHqK76Yg8,Alegria,7vHRwRtvmggt50qUnnHeaD,0GMjpYYmcZv2SUBJlXwgX4,2010-11-22T14:55:19Z,195306.0,41.0,0.578,0.8759999999999999,-7.1960000000000015,0.0442,0.07400000000000001,4.57e-05,0.7879999999999999,0.754,110.04799999999999,2,1,2.0,4
1333,46jF6KZ2qHGRIkrOHAnXyM,La merda se'ns menja,7vHRwRtvmggt50qUnnHeaD,0JG73B0tzdrrMLNzkAudNX,2011-05-17T14:25:57Z,220853.0,0.0,0.547,0.433,-11.681,0.0841,0.491,0.0,0.8859999999999999,0.512,79.87100000000002,2,1,6.0,4
1349,0RlwW3joqfzkN3j6RjrQxj,La merda se'ns menja,7vHRwRtvmggt50qUnnHeaD,0JG73B0tzdrrMLNzkAudNX,2011-05-17T14:25:57Z,237546.0,0.0,0.447,0.682,-8.646,0.0568,0.647,0.0,0.972,0.6890000000000001,159.873,2,1,9.0,4
1376,4BBBzlBUbyjRHhDzxlAH0f,Tornarem,7vHRwRtvmggt50qUnnHeaD,6tQc6cKj0bXkb2dN5pqGkW,2015-06-30T11:14:49Z,261406.0,26.0,0.506,0.862,-5.63,0.0619,0.14400000000000002,2.78e-05,0.755,0.799,184.065,0,1,3.0,4
1386,4hQo1ME4xT42RV1nz7UNkK,El Hombre Del Piano,5aMcG4sVMmkV1u3YC63hMQ,3YIcphCTjJcjbpMnHFPGmW,2010-08-05T10:12:26Z,312600.0,35.0,0.239,0.418,-11.612,0.0433,0.391,0.0,0.972,0.289,175.868,4,1,8.0,4
1388,5T6i2arPW5u6df4jBf7vDT,Paraules D'Amor - En Directo,5aMcG4sVMmkV1u3YC63hMQ,5uc1F7ZXMeGxgvfp9z7W8G,2010-08-05T10:13:01Z,233226.0,27.0,0.34,0.308,-11.036,0.0383,0.9179999999999999,0.0,0.755,0.179,80.42399999999998,0,1,10.0,4
1389,0Tg8pBqXzfinx3ts9fcnBg,Mediterraneo - En Directo,5aMcG4sVMmkV1u3YC63hMQ,5uc1F7ZXMeGxgvfp9z7W8G,2010-08-05T10:13:09Z,247680.0,32.0,0.596,0.7190000000000001,-5.13,0.11800000000000001,0.778,0.0,0.975,0.5820000000000001,84.164,9,0,10.0,4
1390,2miwvRZd8GDR80dJPEZP6R,Lucia - En Directo,5aMcG4sVMmkV1u3YC63hMQ,5uc1F7ZXMeGxgvfp9z7W8G,2010-08-05T10:13:14Z,194893.0,31.0,0.45399999999999996,0.34600000000000003,-11.065999999999999,0.0442,0.902,2.66e-06,0.929,0.184,112.321,0,0,12.0,4
1391,5HmYuJIqLEXOa9i4YQJWoQ,Cantares - En Directo,5aMcG4sVMmkV1u3YC63hMQ,5uc1F7ZXMeGxgvfp9z7W8G,2010-08-05T10:13:26Z,196200.0,49.0,0.545,0.6809999999999999,-5.754,0.152,0.6990000000000001,0.0,0.985,0.502,121.855,7,1,2.0,4
1403,5PIryoZ1laEtCJ6Xi7Rcyk,Ojitos Rojos - Directo,5aMcG4sVMmkV1u3YC63hMQ,2wWIe9TsnHWEcWWzwfzALC,2010-08-05T10:18:52Z,267906.0,36.0,0.488,0.953,-3.391,0.0973,0.364,0.0,0.966,0.6990000000000001,140.22,11,0,13.0,4
1404,5T5MsSg4xXYXd1rrnC5VwM,El Yonki (Directo),5aMcG4sVMmkV1u3YC63hMQ,2wWIe9TsnHWEcWWzwfzALC,2010-08-05T10:18:52Z,188786.0,30.0,0.275,0.8029999999999999,-5.765,0.0494,0.0329,1.31e-06,0.469,0.539,166.855,0,1,14.0,4
1410,5tPGsnsuPrzbAMzUNWmx44,Por el bulevar de los sueños rotos - con Joaquin Sabina - Las Ventas 08,5aMcG4sVMmkV1u3YC63hMQ,3boZLCdZ5TlWlw7q9crFUq,2010-08-05T10:23:48Z,274459.0,42.0,0.584,0.9840000000000001,-5.57,0.251,0.0306,0.0,0.9840000000000001,0.363,125.985,4,1,21.0,4
1421,0FtwJkdBXBHZ4Yy20Xt56u,Pedazo de morrón,5aMcG4sVMmkV1u3YC63hMQ,7hwGksKIvfyqDj6iAAm1LV,2010-08-05T10:29:35Z,218493.0,35.0,0.425,0.84,-3.471,0.213,0.0207,0.0,0.6829999999999999,0.653,94.384,2,1,3.0,4
1423,77BPZeWPRSzEmuGMeaxRB9,Dolores Se Llamaba Lola - Live,5aMcG4sVMmkV1u3YC63hMQ,019W9SmD7B6UJrVmYAamuj,2010-08-05T10:30:48Z,242666.0,24.0,0.265,0.94,-9.058,0.0491,0.00024300000000000002,0.000234,0.382,0.313,103.16,9,1,5.0,4
1687,3jP6mmbhA5HfJRlaPDgTCH,"Faust - opera in five acts (1989 Digital Remaster), Act II: Le veau d'or est toujours debout! (Méphistophélès/Choeur)",2wZ4hdXDK7A4PWxvdWZaAs,5ikkRe4jdFHopDv4m7sxA6,1970-01-01T00:00:00Z,123693.0,4.0,0.506,0.35200000000000004,-13.689,0.185,0.978,6.56e-05,0.578,0.598,107.635,0,0,1.0,4
1790,4rKXPT9Vw1k9c7fldZbDWj,You Really Got Me,5LR210vwhwJxrJWBGxTzMh,7bHYDYMOL8EQUiRDkO9WZx,2011-11-21T11:58:09Z,220186.0,1.0,0.271,0.987,-6.045,0.20800000000000002,0.00337,0.292,0.981,0.146,165.68599999999995,7,1,13.0,4
1794,7EwcNyYIMehlWfjk0yprbj,Should I Stay Or Should I Go,5LR210vwhwJxrJWBGxTzMh,6xwLLr4kk8C5tqxzjfukuH,2011-11-21T11:58:09Z,187093.0,0.0,0.7509999999999999,0.8540000000000001,-6.874,0.106,0.171,0.0,0.787,0.8640000000000001,113.083,2,1,19.0,4
1797,2tyqRoh5GvjapC6kodk0D5,Knights Of Cydonia - Live From Wembley Stadium,5LR210vwhwJxrJWBGxTzMh,2EcBoQ1Hb39hgSUEgrtR3j,2011-11-21T11:58:09Z,397786.0,37.0,0.285,0.987,-4.324,0.122,0.000106,0.188,0.368,0.0754,138.21200000000002,4,1,2.0,4
1810,09TpJe9jnom4mB2DDhZKkB,Do You Want To,5LR210vwhwJxrJWBGxTzMh,4aJKZKk3jb1oz7wb0OKLTw,2011-11-21T11:58:09Z,215000.0,1.0,0.414,0.9390000000000001,-2.887,0.047,0.0884,0.000612,0.81,0.748,123.09100000000001,0,1,2.0,4
1827,26YrTYQEgmDvx4vlHLLAsT,Exit Music (For A Film),5LR210vwhwJxrJWBGxTzMh,5bNn3KPcrlgLmhRXj4d2EX,2011-11-21T11:58:09Z,264800.0,1.0,0.364,0.284,-11.012,0.0332,0.23199999999999998,0.0673,0.561,0.201,121.59299999999999,4,0,4.0,4
1831,33UekTTrlH7Z03fYASg1mG,Anarchy In The UK,5LR210vwhwJxrJWBGxTzMh,13NFz9ppL439ANqeXW017z,2011-11-21T11:58:09Z,210604.0,0.0,0.371,0.937,-8.604,0.10300000000000001,0.24100000000000002,1.28e-05,0.568,0.19699999999999998,134.134,0,1,8.0,4
1834,34Qor4gyI1ZxV9nrlikcA9,The Bartender And The Thief,5LR210vwhwJxrJWBGxTzMh,3FbqcZMe2HUUd7WjRquADe,2011-11-21T11:58:09Z,174440.0,0.0,0.299,0.972,-2.845,0.0634,0.0678,0.0,0.424,0.35100000000000003,161.83,0,1,2.0,4
1854,0CBxYZz0mxzViWUvoMnRGi,Loaded,5LR210vwhwJxrJWBGxTzMh,3Kkocxhs4Ek537j67DFNd7,2011-11-21T11:58:09Z,422426.0,3.0,0.626,0.726,-8.918,0.0584,8.65e-05,0.613,0.856,0.858,91.14399999999999,8,1,7.0,4
1858,1Qfmb7LDFOmsSPRdL1PB2B,Pride (In The Name Of Love),5LR210vwhwJxrJWBGxTzMh,7k7aHoW1MGWWQR0KXvswkx,2011-11-21T11:58:09Z,229040.0,2.0,0.451,0.9179999999999999,-3.4139999999999997,0.0329,0.0017800000000000001,0.00156,0.688,0.695,106.03299999999999,4,1,3.0,4
1861,7aCn4tF5cXLgcqGU1oW7pm,Sanctify Yourself - 2001 - Remaster,5LR210vwhwJxrJWBGxTzMh,38yQnLhN6GL5yII1Pe8P9s,2011-11-21T11:58:09Z,299146.0,0.0,0.551,0.93,-5.131,0.0438,0.0454,0.0015,0.631,0.721,128.32299999999998,0,1,7.0,4
1883,37R2PiOlaMl0iKLmAt9gik,"Intro - Live At Forum, Copenhagen/2010",7AbQaavvwWs13zH2XMxUrZ,1obLfnyAMLfOHWHbxnyC39,2011-12-07T17:57:13Z,48920.0,0.0,0.19399999999999998,0.5529999999999999,-12.522,0.0472,0.625,0.983,0.9390000000000001,0.292,100.963,7,1,1.0,4
1884,24IR9IhZhGIDPmclRzrUQ0,"The Mirror And The Ripper - Live At Forum, Copenhagen/2010",7AbQaavvwWs13zH2XMxUrZ,1obLfnyAMLfOHWHbxnyC39,2011-12-07T17:57:13Z,242200.0,0.0,0.263,0.972,-4.154,0.161,0.00017900000000000001,5.16e-05,0.983,0.375,123.069,9,0,2.0,4
1885,1hgi6I4S9q4DFfZLUxCf9w,"Maybellene I Hofteholder - Live At Forum, Copenhagen/2010",7AbQaavvwWs13zH2XMxUrZ,1obLfnyAMLfOHWHbxnyC39,2011-12-07T17:57:13Z,206413.0,0.0,0.214,0.9159999999999999,-4.296,0.0554,0.000618,1.24e-06,0.8390000000000001,0.35,101.571,0,1,3.0,4
1886,3wDT257mafm2Xpfg7vaOYF,"16 Dollars - Live At Forum, Copenhagen/2010",7AbQaavvwWs13zH2XMxUrZ,1obLfnyAMLfOHWHbxnyC39,2011-12-07T17:57:13Z,185720.0,0.0,0.40399999999999997,0.9790000000000001,-3.766,0.139,3.97e-05,3.45e-06,0.764,0.38299999999999995,123.56299999999999,2,1,4.0,4
1887,5PTkkQp7zoUFte2pkLDkZT,"Heaven Nor Hell - Live At Forum, Copenhagen/2010",7AbQaavvwWs13zH2XMxUrZ,1obLfnyAMLfOHWHbxnyC39,2011-12-07T17:57:13Z,339733.0,0.0,0.265,0.9229999999999999,-4.385,0.0826,3.91e-05,0.00132,0.402,0.493,141.546,3,1,5.0,4
1889,18sSXpTAvRL02kzSHnnfea,"Evelyn - Live At Forum, Copenhagen/2010",7AbQaavvwWs13zH2XMxUrZ,1obLfnyAMLfOHWHbxnyC39,2011-12-07T17:57:13Z,202373.0,0.0,0.292,0.97,-4.183,0.11,6.3e-05,0.000308,0.7340000000000001,0.41700000000000004,138.125,2,1,7.0,4
1890,2GOwoujLDTfnMzLPAh0DZ7,"Sad Man's Tongue - Live At Forum, Copenhagen/2010",7AbQaavvwWs13zH2XMxUrZ,1obLfnyAMLfOHWHbxnyC39,2011-12-07T17:57:13Z,228666.0,0.0,0.254,0.955,-4.716,0.0808,9.640000000000001e-05,8.070000000000001e-05,0.4270000000000001,0.285,113.12899999999999,2,1,8.0,4
1891,3JdVG6xoPbmwWQNuKWROg5,"7 Shots - Live At Forum, Copenhagen/2010",7AbQaavvwWs13zH2XMxUrZ,1obLfnyAMLfOHWHbxnyC39,2011-12-07T17:57:13Z,278533.0,0.0,0.163,0.973,-4.266,0.242,3.32e-05,5.7999999999999995e-06,0.598,0.215,76.525,7,0,9.0,4
1892,7alEhFMPED9L4g59u9iGfw,"Pool Of Booze, Booze, Booza/BOA - Live At Forum, Copenhagen/2010",7AbQaavvwWs13zH2XMxUrZ,1obLfnyAMLfOHWHbxnyC39,2011-12-07T17:57:13Z,248426.0,0.0,0.221,0.943,-4.595,0.0825,2.8699999999999996e-05,2.8000000000000013e-05,0.531,0.285,145.584,2,1,10.0,4
1893,0H64VyFtPy20YZsDIDMwUu,"A Warrior's Call - Live At Forum, Copenhagen/2010",7AbQaavvwWs13zH2XMxUrZ,1obLfnyAMLfOHWHbxnyC39,2011-12-07T17:57:13Z,272293.0,0.0,0.195,0.958,-4.263999999999999,0.135,8.55e-05,8.13e-06,0.941,0.136,76.803,2,1,11.0,4
1894,3M1GFcLyHpYC9CDWLzQUJH,"The Garden’s Tale - Live At Forum, Copenhagen/2010",7AbQaavvwWs13zH2XMxUrZ,1obLfnyAMLfOHWHbxnyC39,2011-12-07T17:57:13Z,387880.0,0.0,0.204,0.9229999999999999,-4.381,0.0589,0.000503,0.000315,0.985,0.168,127.792,0,1,12.0,4
1895,1gCUCzEKFsAaJkt9ByuMKq,"Fallen - Live At Forum, Copenhagen/2010",7AbQaavvwWs13zH2XMxUrZ,1obLfnyAMLfOHWHbxnyC39,2011-12-07T17:57:13Z,342773.0,0.0,0.321,0.919,-4.82,0.0767,0.000544,6.45e-05,0.9690000000000001,0.33899999999999997,78.33800000000002,2,1,13.0,4
1896,2GajRdxTGRRUMPq5YMEK0g,"Thanks - Live At Forum, Copenhagen/2010",7AbQaavvwWs13zH2XMxUrZ,1obLfnyAMLfOHWHbxnyC39,2011-12-07T17:57:13Z,310906.0,0.0,0.318,0.9590000000000001,-4.71,0.0628,0.000926,1.9e-06,0.457,0.139,106.851,0,1,14.0,4
1897,5E2hKLsKDoSQUzp0KChZLx,"The Human Instrument - Live At Forum, Copenhagen/2010",7AbQaavvwWs13zH2XMxUrZ,1obLfnyAMLfOHWHbxnyC39,2011-12-07T17:57:13Z,430213.0,0.0,0.18600000000000005,0.927,-4.676,0.12300000000000001,5.03e-05,0.000376,0.705,0.19,81.911,2,1,15.0,4
1898,2y8dEosG1Yor2Bz8F8OcvZ,"Angelfuck - Live At House Of Blues, Anaheim/2011",7AbQaavvwWs13zH2XMxUrZ,1obLfnyAMLfOHWHbxnyC39,2011-12-07T17:57:13Z,165866.0,0.0,0.275,0.912,-5.841,0.237,0.0179,0.000338,0.966,0.26,100.977,6,0,16.0,4
1899,69ejVvvl4YELXUyuK335L6,"Still Counting - Live At House Of Blues, Anaheim/2011",7AbQaavvwWs13zH2XMxUrZ,1obLfnyAMLfOHWHbxnyC39,2011-12-07T17:57:13Z,299240.0,0.0,0.3,0.9329999999999999,-4.886,0.0805,0.000523,0.00013000000000000002,0.865,0.295,110.541,2,1,17.0,4
1900,3Ni2cbPsmKKgByV38rsThc,"I Only Wanna Be With You - Live At House Of Blues, Anaheim/2011",7AbQaavvwWs13zH2XMxUrZ,1obLfnyAMLfOHWHbxnyC39,2011-12-07T17:57:13Z,298093.0,0.0,0.255,0.9590000000000001,-5.6560000000000015,0.162,0.00121,0.00016999999999999999,0.95,0.322,142.7,7,1,18.0,4
1901,1gCUCzEKFsAaJkt9ByuMKq,"Fallen - Live At Forum, Copenhagen/2010",,1obLfnyAMLfOHWHbxnyC39,2012-02-06T12:35:14Z,342773.0,0.0,0.321,0.919,-4.82,0.0767,0.000544,6.45e-05,0.9690000000000001,0.33899999999999997,78.33800000000002,2,1,13.0,4
